{"x1": [158.77274, 146.9338550512, null, 164.989005, 162.11496056688, null, 215.57568, 224.4865043224, null, 250.58765300000002, 262.54998913680004, null, 276.185, 288.759385292, null, 256.692375, 266.878147765, null, 198.857075, 202.78449818738002, null, 117.3434155, 105.41534336640001, null, 126.385915, 119.057155443, null, 142.3727, 138.54966864884, null, 90.977125, 80.8560591332, null, 96.339203, 84.3434846542, null, 70.96080625, 58.3868828502, null, 89.9274, 79.6776761604, null, 190.133265, 195.6800024592, null, 172.794525, 172.629931394138, null, 147.6149, 143.58338310682, null, 197.5111, 201.22944978256, null, 220.97215, 231.0277111548, null], "y1": [168.27383999999998, 164.0363569768, null, 210.12331600000002, 222.3648449766, null, 215.39318, 224.2652053776, null, 198.52125999999998, 202.39652715996, null, 173.57049999999998, 173.57049999999998, null, 233.741125, 241.114394169, null, 250.4778925, 262.4232226058, null, 192.32998, 196.30948783146002, null, 239.355975, 249.57382827779998, null, 271.327565, 283.3066972168, null, 234.46345, 241.92531849099998, null, 149.293815, 145.52308664196002, null, 174.466325, 174.57605589015, null, 114.12865000000001, 106.8445260256, null, 139.87544, 128.5905317598, null, 114.30120285, 101.727867313, null, 96.8871825, 84.97657828959998, null, 96.23406, 84.2220074664, null, 137.98155, 130.4316280596, null], "x2": [142.70458, 161.088321, 227.66986, 266.822913, 293.2509, 270.5167, 204.1867935, 101.1543955, 116.43988999999999, 137.184053, 77.24101499999999, 80.058318, 53.895166249999996, 76.01621, 197.660705, 172.57172785, 142.1436165, 202.557312, 234.61914000000002], "y2": [162.5231, 226.73731099999998, 227.43449999999999, 203.780607, 173.5709, 243.74855, 266.6911635, 197.73056449999999, 253.22406, 287.585573, 244.591065, 144.17581199999998, 174.61546375, 104.24245, 124.559175, 97.23667785, 80.7218565, 79.930972, 127.73408], "x3": [190.139462988, 173.571, 136.02530412, 164.981259414, null, 117.33480768, 173.571, 215.57565528, null, 198.892559004, 250.60438986, null, 256.6981014, 276.18486198, null, 96.32289732, 92.61378575999998, 126.38239266, null, 90.97394279999999, 142.34870148, null, 89.92164036, 70.95713801999999, 70.96103099999999, null, 220.97372124, 173.571, 172.7910833814, null, 197.529986058, 173.571, 147.579998166, null], "y3": [139.86917268, 136.02530412, 173.571, 210.12967572, null, 192.355916178, 232.84551348, 215.39268522, null, 250.48939722, 198.540244314, null, 233.7459897, 173.571, null, 149.274792036, 173.571, 239.3608647, null, 234.47008398, 271.34828352, null, 114.12309918, 173.571, 174.4711977222, null, 137.97838224, 114.29648652, 114.30157734, null, 96.2174874, 92.61378575999998, 96.87599994, null]}